row,col,gray_value
0,0,0.17655896953507966
0,1,0.1778460932712929
0,2,0.17908145680147058
0,3,0.1810552858838848
0,4,0.18187596938189338
0,5,0.18409585391773897
0,6,0.18647957596124387
0,7,0.18726944268918505
0,8,0.18579185336243872
0,9,0.1846901687921262
